{
  "README.md": {
    "hash": "d4ad9c87725fe5e63d14298b274307d6723233b916d065a005d96dbfe4f44f17",
    "mtime": 1776442912.6151178,
    "size": 15
  },
  "main.py": {
    "hash": "03e693d9f2f687e0f40e36a8df7fcb4d1c22974012b7c2a55c000eb30f305824",
    "mtime": 1776442912.6173508,
    "size": 15
  },
  "feature.txt": {
    "hash": "0fa8aef8a82971d9b7ae2eb25625db5d36325f9b89ca1e2f4ab6cf3f600ab368",
    "mtime": 1776442915.7881036,
    "size": 13
  }
}